{
  "year": 2024,
  "grid_crs": "EPSG:32647",
  "grid_bounds_xy": [
    715500.0,
    1390200.0,
    807280.0,
    1456740.0
  ],
  "lnglat_bounds": {
    "sw": [
      12.560646047385909,
      100.98351437646994
    ],
    "ne": [
      13.16956915673464,
      101.83440737159457
    ]
  },
  "image_size": {
    "height": 1330,
    "width": 1835
  },
  "stride": 5,
  "source_safe": "S2B_MSIL2A_20241221T034059_N0511_R061_T47PQQ_20241221T072432.SAFE.zip"
}